BACAMPICILLIN                                                                   ,d
BACITRACIN                                                                                                                                          ,
BACITRACIN+LIDOCAIN                                                       ,
BACLOFEN                                                                              ,
 BAL (DIMERCAPROL)                                                            ,
BALSALAZIDE                                                                       ,
BARBITURATES                                                                      ,
B-ARBUTIN                                                                               ,
BARIUM SULFATE                                                                 ,
BASILIXIMAB                                                                          ,
BEXAROTENE                                                                           ,
BCG VACCINE                                                                         ,
BECLOMETHASONE                                                              ,
BECLOMETHASONE DIPROPIONATE                               ,
BECLOMETHASONE DIPROPIONATE+SALBUTAMOL     ,
BECLOMETHASONE+NEOMYCINE SULFATE+MICONAZOLE     ,
BELLADONA TINCTURE                                                       ,
BENACIZUMAB                                                                         ,
BEMETHAN SULFATE                                                            ,
BENAZEPRIL HCL                                                                   ,
BENAZEPRIL HCL+HYDROCHLORTHIAZIDE                                                                    ,
BENDROFLUZIE                                                                        ,
BENOXINATE  Na                                                                   ,
BENZAFIBRATE                                                                         ,
BENZALKONIUM HCL+DIMETHICON                                 ,
BENZATHINE PENICILLIN                                                   ,
BENZHEXOL  HCL                                                                  ,
BENZOCAINE                                                                            ,
BENZOCAINE+BENZETHONIUM HCL                                   ,
BENZOCAIN+MENTHOL                                                          ,
BENZOIC ACID                                                                        ,
BENZOYL PEROXIDE                                                             ,
BENZOYL PEROXIDE  + ADAPALENE                                                           ,
BENZYDAMINE HCL                                                               ,
BENZYL BENZOATE                                                              ,
BENZYLPENICILLIN (PENICILLIN G)                                ,
BESIFLOXACIN                                                                        ,
BETACAROTENE  (PRECURSOR OF VIT.A)                      ,
BETAHISTINE  HCL                                                               ,
BETAMETHASONE                                                                ,
BETAMETHASONE(DIPROPIONATE+NA PHOSPHATE)  ,
BETAMETHASONE+CHLORAMPHENICOL                         ,
BETAMETHASONE+CLIOQUINOL                                        ,
BETAMETHASONE+CLOTRIMAZOLE                                   ,
BETAMETHASONE+CLOTRIMAZOLE+GENTAMYCIN                                    ,
BETAMETHASONE+DEXCHLORPHENIRAMINE                                   ,
BETAMETHASONE +GENTAMYCIN                                                                    ,
BETAMETHASONE+ GENTAMYCIN+LIDOCAIEN                                           ,
BETAMETHASONE+NYOMYCEN                                                                     ,
BETAMETHASONE+SALICYLIC ACID                                                          ,
BETAMETHASONE+NA FUSIDATE                                                                 ,
BETAMETHASONE+TOLINFTATE +GENTAMYCINE+CLIOQUINOL                                    ,
BETAXOLOLE HCL,
BETHANECHOL CHLORIDE                                                ,
BEZAFIBRATE                                                                         ,
BICALUTAMIDE                                                                    ,
BIMATOPROST                                                                         ,
BIMATOPROST+TIMOLOL                                                     ,
BIOTIN                                                                                     ,
BISACODYL                                                                            ,
BISACODYL+TANNIC ACID                                                 ,
BISMUTH SUBCITRATE                                                       ,
BISMUTH SUBSALICYLATE                                                 ,
BISOPROLOL                                                                            ,
BISOPROLOL +HYDROCHLORTHIAZIDE                                                                         ,
BLEOMYCIN                                                                           ,
BORIC ACID                                                                            ,
BORIC ACID+NA BORATE+NACL                                                                            ,
BORON                                                                                      ,
BORTEZOMIB                                                                            ,
BOTULISM ANTITOXIN                                                        ,
BRAN                                                                                        ,
BRAN   +CA-CARBONATE+MG SULFATE                                                                                     ,
BRIMONIDINE  TARTRATE                                                  ,
BRIMONIDINE+TIMOLOL                                                     ,
BRINZOLAMIDE                                                                      ,
BRINZOLAMIDE  + BRINOMIDINE,
BRINZOLAMIDE  + TIMOLOL,
BROMAZEPAM                                                                       ,
BROMELAINS                                                                          ,
BROMELAINS +BETAIN+PROTEASE+PAPAIN+LIPASE+AMYLASE+CELLULASE                                                                           ,
BROMHEXINE  HCL                                                              ,
BROMHEXINE  HCL +DIPHENHYDRAMINE HCL+EPHEDRIN+THEOPHYLLINE                                                             ,
BROMHEXINE +DEXTROMETHORPHANE+PSEUDOEPHEDRINE+MENTHOL               ,
BROMHEXINE +DEXTROMETHORPHANE+PSEUDOEPHEDRINE+AMMONIUM HCL ,
BROMHEXINE +DEXTROMETHORPHANE+PSEUDOEPHEDRINE+MENTHOL+NH4CL ,
BROMOCRIPTINE                                                                   ,
BROMPHENIRAMINE MALEATE                                         ,
B-SITOSTEROL                                                                        ,
BUDESONIDE                                                                            ,
BUMETANIDE                                                                            ,
BUPIVACAINE                                                                           ,
BUPIVACAINE+ADRENALINE                                                 ,
BUPRENORPHINE                                                                   ,
BUPROPION HCL                                                                     ,
BUSULPHAN                                                                            ,
BUTALBITAL                                                                            ,
BUTAMIRATE CITRATE                                                        ,
BUTOCONAZOLE                                                                    ,
        CLIOQUINOL (VIOFORM                                                                                                          ,
DABIGATRAN,
DACARBAZINE ,
DACLATASVIR,
DALTEPARIN SODIUM ,
DANAPAROID,
DANAZOL ,
DANTROLENE ,
DAPOXETINE,
DAPSONE ,
DARFINACIN ,
DAUNORUBICIN  HCL ,
DEFERASIROX,
DEFERIPRONE (Dimethylhydroxypyridone),
DEGARELIX,
DEHYDROEPIANDROSTERONE ( Prasteron Enantate ),
DELAPRIL,
DEQUALINIUM CHLORIDE ,
DEQUALINIUM CHLORIDE +CINCHOCAINE,
DESFERRIOXAMINE MESYLATE ,
DESLORATADINE                                                                                                                                                                                                            ,
DESMOPRESSIN ,
DESOGESTREL ,
DESONIDE ,
DESVENFALAXINE,
DETERGICIDS ,
DEXAMETHASONE ,
DEXAMETHASONE+CHLORAMPHENICOL,
DEXAMETHASONE+CHLORAMPHENICOL+TETRYZOLINE HCL,
DEXAMETHASONE+CHLORPHENIRAMINE MALEATE,
DEXAMETHASONE+CHLORPHENIRAMINE MALEATE+VIT C,
DEXAMETHASONE+CHLORPHENIRAMINE MALEATE+FLUPHENAZINE HCL,
DEXAMETHASONE+CLIOQUINOL,
DEXAMETHASONE+CLOTRIMAZOLE,
DEXAMETHASONE+DEXCHLORPHENIRAMINE MALEATE+VIT C,
DEXAMETHASONE+FRAMYCETIN(NEOMYCIN B SULFATE),
DEXAMETHASONE+ FRAMYCETIN+GRAMICIDINE,
DEXAMETHASONE+GENTAMYCIN SULFATE,
DEXAMETHASONE+GENTAMYCIN SULFATE+VIOFORM +TOLNAFTATE,
DEXAMETHASONE+NEOMYCINE SULFATE,
DEXAMETHASONE+NEOMYCINE SULFATE+GRAMICIDINE+POLYMYXIN B SULFATE,
DEXAMETHASONE+NEOMYCINE SULFATE +POLYMYXIN B SULFATE,
DEXAMETHASONE+NYSTATIN+CHLORHEXIDINE HCL,
DEXAMETHASONE+SALICYLIC ACID,
DEXAMETHASONE+TOBRAMYCINE,
DEXIBUPROFEN,
DEXKETOPROFEN TROMETAMOL,
DEXLANSOPRAZOLE,
DEXPANTHENOL (PANTOTHENOL) ,
DEXPANTHENOL+CETRIMIDE,
DEXPANTHENOL+POLYVINYL ALCOHOL,
DEXTRAN ,
DETROSE+CITRIC ACID+NA CITRATE,
DEXTROSE ANHY.+NACL+CACL2+MGCL2+KCL+NA-ACETATE,
DEXTROSE+NACL,
DEXTROSE+NACL+CACL2+MGCL2+NA ACITATE+NA-META BIS,
DEXTROSE+NACL+CACL2+KCL,
DEXTROMETHORPHAN ,
DEXTROMETHORPHAN+BROMPHENIRAMINE+PSEUDOEPHEDRINE,
DEXTROMETHORPHAN+PSEUDOEPHEDRINE+PARACETAMOL,
DEXTROMETHORPHAN+BROMPHENIRAMINE+PSEUDOEPHEDRINE+PARACETAMOL,
DEXTROMETHORPHAN+ CHLORPHENIRAMINE + PARACETAMOL,
DEXTROMETHORPHAN HPR + CHLORPHENIRAMINE + PARACETAMOL+ PHENYLEPHRINE,
DEXTROMETHORPHAN HPR + PARACETAMOL+ PHENYLEPHRINE ,
DEXTROMETHORPHAN+CARBINOXAMINE+PSEUDOEPHEDRINE,
DEXTROMETHORPHAN+CHLORPHENIRAMINE+PSEUDOEPHEDRINE,
DEXTROMETHORPHAN+CHLORPHENIRAMINE+PSEUDOEPHEDRINE+PARACETAMOL,
DEXTROMETHORPHAN+CHLORPHENIRAMINE MALEATE,
DEXTROMETHORPHAN+CHLORPHENIRAMINE MALEATE+EPHEDRIN ,
DEXTROMETHORPHAN+DIPHENHYDRAMINE+TOLU BALSAM,
DEXTROMETHORPHAN+DOXILAMINE SUCCINATE,
DEXTROMETHORPHAN+PSEUDOEPHEDRINE+PARACETAMOL+DOXILAMINE SUCCINATE,
DEXTROMETHORPHAN+MEPYRAMINE MALEATE,
DEXTROMETHORPHAN+MEPYRAMINE MALEATE+GUAIFENESIN,
DEXTROMETHORPHAN+GUAIFENESIN+PSEUDOEPHEDRIN HCL+DOXYLAMINE,
DEXTROMETHORPHAN+GUAIFENESIN+PSEUDOEPHEDRIN HCL+PARACETAMOL,
DEXTROMETHORPHAN+OXOMEMAZINE+NA-BENZOATE,
DEXTROMETHORPHAN+GUAIFENISIN,
DEXTROMETHORPHAN+GUAIFENISIN+PHENYLEPHRIN,
DEXTROMETHORPHAN+PROMETHAZINE HCL,
DEXTROMETHORPHAN+PROMETHAZINE HCL+PARACETAMOL,
DEXTROPROPOXYPHENE,
DIACERHEINE,
DIAZEPAM  INJ. ,
DIAZEPAM ,
DIAZOXIDE ,
DICLOFENAC SODIUM OR K,
DICLOFENAC SODIUM + BETAMETHASONE + VIT B 12,
DICLOFENAC SODIUM + VIT B1 + VIT B6 + VIT B12,
DICLOFENAC SODIUM OR K+PARACETAMOL,
DICLOFENAC SODIUM+LIDOCAINE HCL,
DICLOFENAC DIETHYLAMIN+LINSEED OIL+METHYLSALICYLATE+MENTHOL,
DICHLORALPHENAZONE ACETAMINOPHEN,
DICYCLOMINE HCL,
DICYCLOMINE HCL+MEFENAMIC ACID,
DIDANOSINE,
DIENOGEST,
DIETHYLAMINE  SALICYLATE,
DIETHYLSTILBESTROL ,
DIFLUNISAL,
DIFLUPREDNATE,
DIGITALIS ANTIDOTE ,
DIGOXIN ,
DIHYDRALAZINE ,
DIHYDROERGOCRIPTIN MESYLATE+CAFFEINE,
DILOXANIDE  FUROATE                                                          ,
DILTIAZEM ,
DIMENHYDRINATE ,
DIMENHYDRINATE+VIT B6,
DIMENHYDRINATE+VIT B6+CAFFEIN,
DIMERCAPROL (BAL) ,
DIMETHICONE ,
DIMETHICONE+METOCLOPRAMIDE HCL,
DIMETHINDENE MALEATE ,
DIMETHINDENE MALEATE+PHENYLEPHRINE ,
DIOSMIN+HESPERIDIN ,
DIOSMECTITE,
DIPHENHYDRAMINE  HCL ,
DIPHENHYDRAMINE  HCL +NA CITRATE+MENTHOL,
DIPHENOXYLATE HCL ,
DIPHENOXYLATE HCL +ATROPINE SULFATE ,
DIPHENYLPYRALINE  HCL ,
DIPHTHERIA ANTITOXIN ,
DIPHTHERIA-TETANUS –PERTUSSIS VACCINE ,
DIPHTHERIA-TETANUS VACCINE ,
DIPIVEFRIN  HCL ,
DIPROPHYLINE,
DIPROPHYLINE+EPHIDRINE+DIPHENHYDRAMIN+CARBOCISTEINE,
DIPROPHYLINE+GUAIFENESINE,
DIPYRIDAMOLE ,
DIPYRIDAMOLE+ASPIRIN,
DIRITHROMYCIN,
DISODIUM EDETATE ,
DISODIUM ETIDRONATE ,
DISODIUM PAMIDRONATE ,
DISOPYRAMIDE,
DISTIGMINE BROMIDE ,
DITHRANOL ,
DIVALPROEX  SODIUM(VALPROATE SEMISODIUM),
DOBUTAMINE  HCL ,
DOCETAXEL ,
DOCOSANOL,
DOCUSAT  Na,
DOLUTEGRAVIR,
DONEPEZIL,
DONEPEZIL+MEMANTINE,
DOMPERIDONE ,
DOPAMINE  HCL ,
DORIPENEM,
DORZOLAMIDE  HCL,
DORZOLAMIDE  HCL+TIMOLOL,
DOXAPRAM,
DOXAZOSIN ,
DOXEPINE HCL,
DOXIFLURIDINE,
DOXOPHYLLINE,
DOXORUBICIN  HCL (ADRIAMYCIN) ,
DOXYCYCLINE ,
DOXYLAMINE SUCCINATE ,
DOXYLAMINE SUCCINATE +B6,
DRIED ALUMINIUM HYDROXIDE GEL ,
DRIED YEAST ,
DROFENINE (HEXA HYDRO) ,
DRONEDARONE,
DROPERIDOL,
DROSPIRENONE(DIHYDROSPIRENONE),
DROSPIRENONE+ETHINYLESTRADIOL,
DROSPIRENONE +ETHINYLESTRADIOL+LEVOMEFOLATE,
DROTAVERINE  HCL ,
DROTRECOGIN  ALFA,
DULOXETIENE,
DUTASTERIDE,
DUTASTERIDE+TAMSULOSIN,
DYDROGESTERON ,
EBASTINE,
ECONAZOLE ,
EDROPHONIUM CHLORIDE ,
EFAVIRENZ,
ELETRIPTAN,
ELTROMOBOPAG,
EFLORNITHINE,
EMEDASTIEN DIFUMARATE,
ENALAPRIL MALEATE ,
ENALAPRIL MALEATE +HYDROCHLOTHIAZIDE,
ENALAPRIL =+LERCANIDIPINE HCL,
ENOXAPARIN ,
ENTACAPONE ,
ENTECAVIR,
EPHEDRINE ,
EPIRUBICIN ,
EPOETINS(ERYTHROPOIETIN),
EPOPROSTENOL ,
EPROSARTAN,
EPROSARTAN+ HYDROCHLOTHIAZIDE,
EPTIFIBATIDE ,
ERDOSTEINE,
ERGOTAMINE ,
ERGOTAMINE TARTRATE+CAFFEINE,
ERGOTAMINE TARTRATE+CAFFEINE+BELLADONA+PHENOBARBITAL+MEPROBAMATE+PARACETAMO,
ERGOTAMINE TARTRATE+CAFFEINE+BELLADONA+PHENOBARBITAL+MEPROBAMATE,
ERLOTINIB,
ERYTHROMYCIN ,
ERYTHROMYCIN+BENZOYL PEROXIDE,
ERYTHROMYCIN+ZN,
ESCITALOPRAM,
ESLICARBAZEPINE,
ESDEPALLETHRIN,
ESDEPALLETHRIN+PIPERONYL BUTOXIDE,
ESOMEPRAZOLE,
ESOMEPRAZOLE+NA BICARBONATE,
ESOMEPRAZOLE+ NAPROXENT                                                                                 ,
ESZOPICLON,
ETAMSYLATE,
ETANERCEPT,
ETHACRIDINE ,
ETHAMBUTOL ,
ETHANOL ,
ETHAVERINE  HCL,
ETHAVERINE  HCL+CELLULASE+PROTEASE+AMYLASE ,
ETHER ,
ETHERIFIED STARCH,
ETHINYLOESTRADIOL ,
ETHINYLOESTRADIOL+CYPROTERONE,
ETHINYLOESTRADIOL+DESOGESTREL,
ETHINYLOESTRADIOL+GESTODEN,
ETHINYLOESTRADIOL+LEVONOGESTREL,
ETHIONAMIDE(ETIO),
ETHOSUXIMIDE ,
ETHYLSALYCILATE,
ETIDRONATE Na,
ETILEFRINE ,
ETODOLAC,
ETOMIDATE,
ETONOGESTREL,
ETOPOSIDE ,
ETORICOXIB,
ETRACTOF,
EVEROLIMUS,
EXEMESTAN,
EXENATIDE,
EZETIMIBE,
EZETIMIBE+ROSUVASTATIN,
FACTOR IX COMPLEX ,
FACTOR VII,
FACTOR VIII CONCENTRATE ,
FAMCICLOVIR,
FAMOTIDINE ,
FAMOTIDINE+CA CARBONAT+MG HCL,
FAMPRIDINE,
FAROPENEM,
FEBUXOSTAT,
FELODIPINE,
FELBINAC,
FENOFIBRATE ,
FENOFIBRATE + SIMVASTATIN,
FENSPIRIDE,
FENTANYL ,
FENTICONAZOLE NITRATE,
FERRIC HYDROXIDE SUCROSE COMPLEX ,
FEXOFENADINE  HCL ( TERFENADINE),
FIBRINOGEN ,
FILGRASTIM(PEGFILGRASTIM) ,
FINASTERIDE ,
FLAVOXATE  HCL,
FLECAINIDE,
FLOCTAFENINE ,
FLUBENDAZOLE ,
FLUCLOXACILLIN ,
FLUCONAZOLE ,
FLUDARABINE PHOSPHATE ,
FLUDROCORTISONE ,
FLUMAZENIL ,
FLUMETHASONE PIVALATE ,
FLUMETHASONE PIVALATE +CLIOQUINOL,
FLUMETHASONE PIVALATE +SALICYLIC ACID,
FLUNARIZINE,
FLUOCINOLONE ACETONIDE ,
FLUOCINOLONE ACETONIDE +COAL TAR,
FLUOCINOLONE ACETONIDE +LIDOCAIN,
FLUOCINOLONE ACETONIDE +LIDOCAIN+BI-SUBGALLATE+MENTHOL,
FLUOCINOLONE ACETONIDE +NEOMYCIN,
FLUOCINOLONE ACETONIDE + SALICYLIC ACID,
FLUOCINOLONE ACETONIDE+ CLIOQUINOL,
FLUOCINOLONE+HYDROQUINONE+TRETINOIN,
FLUOCORTOLONE ,
FLUOCORTOLONE +CLEMIZOLE+CINCHOCAINE,
FLUORESCEIN ,
FLUORESCEIN +LIDOCAIEN,
FLUOROMETHOLONE,
FLUOROMETHOLONE+GENTAMYCINE,
FLUOROMETHOLONE+TETRACYCLINE HCL,
FLUOROMETHOLONE+TETRYZOLINE HCL,
FLUOROURACIL ,
FLUOXETINE ,
FLUPENTHIXOL ,
FLUPHENAZINE ,
FLUPHENAZINE+NORTRIPTYLINE,
FLUPIRTINE MALEATE,
FLURBIPROFEN ,
FLURBIPROFEN SODIUM ,
FLUSPIRILENE ,
FLUTAMIDE ,
FLUTICASONE PROPIONATE+AZELASTIN HCL,
FLUTICASON PROPIONATE ,
FLUTICASON+FORMOTEROL,
FLUVASTATIN ,
FLUVOXAMINE ,
FOLIC ACID ,
FOLIC ACID+VIT B6+VIT B12,
FOLIC ACID+FE AMMONIUM CITRATE+B12,
FOLIC ACID+FE FUMARATE,
FOLIC ACID+FE FUMARATE+ZN+B12,
FOLIC ACID+FE SULFATE,
FOLIC ACID+FE SULFATE+ZN,
FOLIC ACID+IRON+ZN,
FOLIC ACID+B1+B12+PP,
FOLIC ACID+B12,
FOLIC ACID+B12+IRON SALTS,
FOLIC ACID+B12+IRON SALTS+C,
FOLIC ACID+B12+PP,
FOLIC ACID+B12+B6+PP+DEXPANTHENOL+FE+MN+ZN,
FOLIC ACID+B12+B6+ACETYLSALICYLIC ACID,
FOLIC ACID+ZN+PP,
FOLINATE DISODIUM,
FOLLICLE-STIMULATING HORMONE (FSH) ,
FORMOTEROL FUMARATE,
FORMOTEROL FUMARATE+BUDESONIDE,
FOSINOPRIL SODIUM ,
FOSINOPRIL SODIUM +HYDROCHLOTHIAZIDE,
FOSFOMYCIN TROMETAMOL,
FOSPHENYTOIN,
FRESH FROZEN PLASMA (FFP) ,
FRUCTOSE ,
"FULLER,S EARTH SOLUTION ",
FURAZOLIDONE,
FUROSEMIDE ,
FUROSEMIDE+AMILORIDE HCL,
FUROSEMIDE+KCL,
FUSIDIC ACID ,
FUSIDIC ACID +HYDROCORTISONE ACETATE,
GABAPENTIN,
GADOBUTROL,
GADOPENTETATE DIMEGLUMINE ,
GADOPENTETIC ACID (GADOLINIUM) ,
GADOTERATE MEGLUMINE ,
GALANTAMIN HBR,
GALLAMINE ,
GANCICLOVIR,
GANIRELIX,
GATIFLOXACINE,
GATIFLOXACIN+PREDNISOLONE ACETATE,
GEFITINNIB,
GELATIN SPONGE ,
GEMCITABINE ,
GEMFIBROZIL ,
GEMIFLOXACIN,
GENTAMICIN ,
GENTAMICIN SULFATE+HYDROCORTISON,
GENTAMYCIN+PREDNISOLONE,
GESTONORONE CAPROATE ,
GLATIRAMERE ACETATE,
GLIBENCLAMIDE (GLYBURIDE),
GLICLAZIDE ,
GLIMEPIRIDE ,
GLIPIZIDE ,
GLIQUIDONE,
GLUCAGON ,
GLUCOSAMINE SULFATE,
GLUCOSE & SODIUM CHLORIDE ,
GLUCOSE (DEXTROSE) ,
GLUTAMIC ACID ,
GLUTARALDEHYDE ,
GLYCEROL SUPP. ,
GLYCERYL GUAIACOLATE (GUAIPHENESIN) ,
GLYCERYL GUAIACOLATE (GUAIPHENESIN) +OXOMEMAZINE,
GUAIPHENESIN +OXOMEMAZINE+NA BENZOATE+PARACETAMOL,
GLYCERYL GUAIACOLATE (GUAIPHENESIN)+PARACETAMOL,
GUAIPHENESIN+PARACETAMOL+PHENYLEPHRINE HCL,
GLYCERYL GUAIACOLATE (GUAIPHENESIN) +CODEIN PHOSPHATE ,
GLYCERYL GUAIACOLATE (GUAIPHENESIN) +MENTHOL+EUCALIPTOL+CAMPHOR,
GLYCERYL TRINITRATE (NITROGYCERINE),
GLYCINE 1.5 % ,
GLYCERIN+PHENYLEPHRINE+PRAMOXIN+WHITE PETROLATUM HEPARINOID,
GLYCOL SALICYLATE ,
GLYCOPYRROLATE,
GOLD SALTS ,
GOLIMUMAB,
GONADOTROPHIN ,
GOSERELIN ACETATE,
GRAMICIDIN ,
GRANISETRON HCL,
GRISEOFULVIN ,
GROWTH HORMONE (GH) –SOMATOTROPHIN,
GUAIPHENESIN (GLYCERYL GUAIACOLATE) ,
GUAR  GUM ,
HALOBETASOL  PROPIONATE( ULOBETASOL ))PROPIONATE,
HALOPERIDOL ,
HALOTHANE ,
HEMOSTATICS ,
HEPARIN ,
HEPARIN +HYALURIDASE,
HEPARIN +CEPAE EXT+ALLANTOIN,
HEPARIN +ALLANTOIN +EXT  OF  CEPAE,
HEPARIN+HYDROCORTISON +BENZOCAIN Na+HYDROCORTISONE+ACETATE+BENZOCAIN,
HEPARINOID,
HEPATITIS B VACCINE ,
HETASTARCH (HYDROXYETHYL STARCH),
HEXAMIDINE ISETHIONATE ,
HUMAN ALBUMIN ,
HUMAN PLASMA ,
HYALURONIDASE ,
HYDRALAZINE HCL ,
HYDROCHLOROTHIAZIDE ,
HYDROCHLOROTHIAZIDE+DIHYDRALAZINE+RESERPINE,
HYDROCHLOROTHIAZIDE+SPIRONOLACTONE,
HYDROCODONE BITARTRATE,
HYDROCODONE+PARACETAMOL,
HYDROCORTISONE ,
HYDROCORTISONE+ACETIC ACID,
HYDROCORTISONE+BI-SUBGALLATE+BI-OXIDE+ZNO+BENZYLE BENZOAT+PERU,
HYDROCORTISONE+CINCHOCAINE,
HYDROCORTISONE+CINCHOCAINE+ BI-SUBGALLATE,
HYDROCORTISONE+LIDOCAIN+ BI-SUBGALLATE+MENTHOL,
HYDROCORTISONE+NEOMYCIN,
HYDROCORTISONE+NYSTATIN,
HYDROCORTISONE+PRAMOXINE,
HYDROCORTISONE+ PRAMOXINE+CHLOROXYLENOL,
HYDROGEN PEROXIDE ,
HYDROMORPHONE HCL,
HYDROQUINIDINE ,
HYDROQUINONE ,
HYDROQUINONE + TRETINOIN + MOMETASONE FUROATE,
HYDROXOCOBALAMIN ,
HYDROXYCHLOROQUINE ,
HYDROXYETHYLCELLULOSE  (K-YLUBRICATING )JEJ)JELLY) ,
HYDROXYETHYLCELLULOSE+GLYCERINE+CHLORHEXIDINE,
HYDROXYPROPYLMETHYLCELLULOSE+DEXTRAN                                         ,
HYDROXYPROGESTERONE,
HYDROXYTRYPTOPHAN,
HYDROXYUREA ,
HYDROXYZINE  HCL,
HYOSCINE BUTYLBROMIDE ,
HYOSCINE BUTYLBROMIDE+PARACETAMOL HBR,
HYOSCINE METHONITRATE (METHSCOPOLAMINE) ,
HYOSCYAMINE SULPHATE ,
HYPROMELLOSE                                                                       ,
HYPROMELLOSE +GLYCERINE+P.E.G400                                                                         ,
IBANDRONATE NA,
IBUPROFEN ,
IBUPROFEN ARGINATE,
IBUPROFEN+MENTHOL,
IBUPROFEN+PSEUDOEPHEDRINE,
IBUPROFEN+PSEUDOEPHEDRINE+CHLORPHENIRAMINE MALEATE,
ICHTHAMMOL ,
IDARUBICINE  HCL ,
IDOXURIDINE ,
IFOSFAMIDE ,
ILLOPROST,
IMATINIB  MESILATE ,
IMIDAPRIL HCL,
IMIPENEM,
IMIPRAMINE HCL ,
IMIQUIMODE ,
"IMMUNOGLOBULIN,HUMAN NORMAL ",
INDACATEROL,
INDAPAMIDE ,
INDINAVIR,
INDOMETHACIN ,
INDOMETHACIN +VIT B1,
INDOMETHACIN+CAFFEIN+PROCHLORPERAZINE,
INFLUENZA VACCINE ,
INOSITOL NICOTINATE,
INOSITOL(MESO),
INSULIN ,
INTERFERONS ,
IODINE ,
IODINE COMPOUNDS AND POLYVIDONE IODINE (IODOPHORES) ,
IODIXANOL ,
IOHEXOL ,
IOPAMIDOL ,
IOPROMIDE ,
IOTROLAN ,
IPECACUANHA ,
IPRATROPIUM  Br   MONOHYDRATE,
IPRATROPIUM+SALBUTAMOL,
IRBESARTAN,
IRBESARTAN+HYDROCHLORTHIAZIDE,
IRINOTECAN,
"IRINOTECAN HCL,3H2O",
IRON POLYMALTOSE ,
IRON POLYMALTOSE+FOLIC ACID ,
IRON POLYMALTOSE+FOLIC ACID+B12,
IRON SALTS ,
IRON SORBITOL (PARENTERAL) ,
"IRONOTECAN HCL,3H2O ",
ISEPAMICIN SULFATE ,
ISOCONAZOLE ,
ISOCONAZOLE+DIFLUCARTOLONE,
ISOFLURANE,
ISOMETHEPTENE MUCATE,
ISONIAZID ,
ISOPROPAMIDE IODIDE ,
ISOPROPAMIDE IODIDE +HALOPERIDOL,
ISOSORBIDE DINITRATE ,
ISOSORBIDE MONONITRATE ,
ISOSORBIDE MONONITRATE+ACETYLSALICYLIC ACID,
ISOSPAGLUMIC ACID ,
ISOTRETINOIN ,
ISOTRETINOIN+ERYTHROMYCIN,
ISOXSUPRINE ,
ISRADIPINE ,
ITRACONAZOLE ,
ITOPRIDE HCL,
IVABRADINE,
IVERMECTIN,
KANAMYCIN(KM),
KETAMINE  HCL ,
KETOCONAZOLE ,
KETOPROFEN ,
KETOROLAC ,
KETOTIFEN FUMARATE ,
KHELLIN ,
LABETALOL ,
LACTABACILLS,
LACTABACILLS+VITAMINS,
LACTASE ENZYME ,
LACTITOL                                                                                                                                           ,
LACTULOSE ,
L-GLUTAMINE,
LAMIVUDINE ,
LAMIVUDINE+NEVIRAPINE+ZIDOVUDINE,
LAMOTRIGINE ,
LANSOPRAZOLE ,
L-ARGININ PERROLIDON CARBOSSILATO,
LATANOPROST ,
LATANOPROST+TIMOLOL,
LEFLUNOMIDE ,
LETROZOL ,
LEUPROLIDE ACETATE (LEUPRORELIN),
LEVAMISOLE ,
LEVETIRACETAM,
LEVOBUNOLOL  HCL ,
LEVOCABASTINE  HCL ,
LEVOCETRIZINE HCL,
LEVODOPA + BENSERAZIDE ,
LEVODOPA + CARBIDOPA ,
LEVODOPA + CARBIDOPA+ENTACAPONE,
LEVODOPA + CARBIDOPA+MEMANTINE,
LEVOFLOXACIN ,
LEVONORGESTREL ,
LEVOSALBUTAMOL,
LEVOSIMENDAN,
LEVOTHYROXINE SODIUM (THYROXINE SODIUM) ,
LIDOCAINE ,
LIDOCAINE+ADRENALINE,
LIDOCAINE+BENZALKONIUM,
LIDOCAINE+BENZOXONIUM HCL,
LIDOCAINE+CAMMOMILE EXT,
LIDOCAINE+CETRIMIDE,
LIDOCAINE 2 % JELLY ,
LIDOCAINE+MG SULFATE,
LIDOCAINE+PRILOCAINE,
LIGHT KAOLIN ,
LIMAPROST,
LINACLOTIDE,
LINAGLIPTIN                                                                                                                                          ,
LINCOMYCIN ,
LINEZOLID,
LIOTHYRONINE  SODIUM ,
LIPIDOSTERALIC EXTRACT OF SERENOE REPENSE ,
LIRAGLUTIDE,
LISINOPRIL,
LITHIUM ,
"LOCAL ANESTHETIC,ASTRINGENT,AND INFLOMATARY drug",
LOCAL ANESTHETIC ( PROCAIN HCL),
LODOXAMIDE  TROMETHAMINE,
LOMEFLOXACIN ,
LOMUSTINE ,
LOPERAMIDE  HCL ,
LORATADINE ,
LORAZEPAM ,
LORNOXICAM,
LOSARTAN ,
LOSARTAN+HYDROCHLORTHIAZIDE,
LOTEPREDNOL ETABONATE,
LOTEPRENDOL+TOBRAMYCIN,
LOVASTATIN ,
LOVASTATIN+NIACIN,
LUMEFANTRINE,
LUPIPROSTONE,
LUTEIN,
LUTEIN+ZENAXANTHIN,
LYNOESTRENOL,
LYSURIDE ,
MACROGOL 3350 OR 4000+ELECTROLYTES ,
MAFENIDE ACETATE ,
MAGNESIUM CHLORIDE ,
MAGNESIUM HYDROXIDE /TRISILICATE ,
MAGNESIUM SALTS ,
MAGNESIUM SULFATE ,
MANGANESE ,
MANNITOL ,
MAPROTILINE HCL ,
MARAVIROX,
MEASLES VACCINE ,
MEASLES-MUMPS-RUBELLA VACCINE ,
MEBENDAZOLE ,
MEBEVERINE  HCL ,
MECLIZINE HCL,
MECLIZINE HCL+B6,
MECOBALAMIN  ( METHYLCOBALAMIN),
MEDAZEPAM ,
MEDRYSONE,
MEDROXYPROGESTERON ACETATE ,
MEFENAMIC  ACID,
MEGESTROL ACETATE ,
MEGLUMINE ANTIMONATE ,
MEGLUMINE DIATRIZOATE ,
MEGLUMINE IOTROXATE ,
MELITRACEN,
MELITRACEN+FLUPENTHIOXOL,
MELOXICAM ,
MELOTONIN,
MELPHALAN ,
MEMANTINE HCL,
MENINGOCOCCAL VACCINE ,
MESNA,
MEPIVACAINE ,
MEPIVACAINE+ADRENALINE,
MEPROBAMATE & MUSCLE RELAXANTS ,
MEPROBAMATE ,
MEPYRAMINE MALEATE ,
MEQUINOL,
MEQUITAZINE ,
MERCAPTOPURINE ,
MEROPENEM,
MESALAZINE ,
METAXOLONE,
MESTEROLONE ,
METFORMIN ,
METFORMIN+GLIBENCLAMIDE,
METFORMIN+GLICLAZIDE,
METFORMIN+RIPAGLINID,
METHYLENECYCLINE ,
METHIMAZOLE ,
METHIONINE ,
METHOCARBAMOL ,
METHOCARBAMOL+PARACETAMOL,
METHOCARBAMOL+ASPIRIN,
METHOCARBAMOL+ IBUPROFEN,
METHOTREXATE ,
METHOXAMINE  HCL,
METHOXSALEN (AMMOIDIN) ,
METHSCOPOLAMINE (HYOSCINE METHONITRATE) ,
METHYL NICOTINATE  ,
METHYL NICOTINATE  + METHYL SALICYLATE,
METHYL SALICYLATE ,
METHYL SALICYLATE+MENTHOL ,
METHYL SALICYLATE+MENTHOL+CAMPHOR,
METHYL SALICYLATE+MENTHOL+CAMPHOR+CAPSICUM,
METHYL SALICYLATE+MENTHOL+CAMPHOR+EUCALIPTUS OIL,
METHYL SALICYLATE+MENTHOL+ EUCALIPTOL+TERPENTIN,
METHYL SALICYLATE+MENTHOL+ EUCALIPTOL+TERPENTIN+THYMOL+PIPERM,
METHYLCELLULOSE ,
METHYLDOPA ,
METHYLDOPA+HYDROCHLORTHIAZIDE,
METHYLENE BLUE ,
METHYLERGOMETRINE  (METHYLERGONOVINE) ,
METHYLERGONOVINE (METHYLERGOMETRINE) *,
METHYLPHENIDATE  HCL ,
METHYLPREDNISOLONE,
METHYLPREDNISOLONE+NEOMYCIN+AL-CHLORHYDROXIDE+SULFIDAL,
METHIXENE  HCL ,
METHIXENE  HCL+DIMETHICONE+CELLULOSE+PEPS..+GLUT . AC+PANCR.+DEHYDRC..,
METOCLOPRAMIDE ,
METOCLOPRAMIDE+PARACETAMOL,
METOPROLOL ,
METOPROLOL+HYDROCHLOTHIAZIDE,
MEZLOCILLIN SODIUM,
METRONIDAZOLE ,
METRONIDAZOL+DILOXANIDE,
METRONIDAZOL+DILOXANIDE+SIMETHICONE,
METRONIDAZOL+FURAZOLIDONE,
METRONIDAZOL+MICONAZOLE NITRATE,
METRONIDAZOL+NEOMYCIN+NYSTATIN,
METRONIDAZOL+ NYSTATIN,
MEXILETINE ,
MICAFUNGIN,
MICONAZOLE ,
MICONAZOLE+HYDROCORTISONE,
MIDAZOLAM ,
MILGLITOL,
MILNACIPRAN ,
MILRINONE,
MINOCYCLINE  HCL ,
MINOXIDIL ,
MINOXIDIL+RETINOIC ACID,
MIRABEGRON                                                                                                                        ,
MIRTAZAPINE,
MISOPROSTOL ,
MITOMYCIN ,
MITOXANTRONE (MITOZANTRON),
MIZOLASTINE,
MIVACURIUM,
MOCLOBEMIDE,
MOLGRAMOSTIM ,
MOLSIDOMINE,
MOLYBDENUM ,
MOMETASONE FUROATE ,
MOMETASONE FUROATE+ASPIRIN,
MONOSODIUM ALENDRONATE ,
MONTELUKAST,
MONTELUKAST NA+LEVOCETRIZIN,
MORPHINE ,
MOXIFLOXACIN,
MUMPS VIRUS VACCINE ,
MUPIROCIN ,
MYCOPHENOLATE MOFETIL ,
MYRAMISTIN,
NITROFURAZONE ,
OCTENIDINE,
OCTREOTIDE ,
OESTRADIOL ,
OESTRIOL ,
OFLOXACIN ,
OKOMISTYN,
OLANZAPINE ,
OLMESARTAN,
OLOPATADINE  HCL,
OMEGA-3-FATTY ACID,
OMEPRAZOLE ,
OMEPRAZOL+NA BICARBONATE,
ONDANSETRON  HCL ,
ORAL REHYDRATION SALTS ,
ORCIPRENALINE SULFATE,
ORINDAZOLE,
ORLISTATE,
ORNIDAZOLE,
ORPHENADRINE ,
ORPHENADRINE+CAFFEIN+ASPIRIN,
ORPHENADRINE+PARACETAMOL,
ORPHENADRINE+PARACETAMOL+CAFFEINE,
OSELTAMIVIR  PHOSPHATE,
OTILONIUM BROMIDE ,
OXACEPROL,
OXALIPLATIN,
OXATOMIDE,
OXCARBAZEPINE ,
OXERUTIN ,
OXETHAZAINE ,
OXICONAZOL  NITRATE,
OXITRIPTAN,
OXOLINIC ACID ,
OXOMEMAZINE  HCL ,
OXYMETHAZOLINE(TOPICAL NASAL DECONGESTANT),
OXPENTIFYLLINE ( PENTOXIFYLLINE),
OXPRENOLOL,
"OXYBUPROCAIN (TETRACAIN,BENOXINATE)",
OXYBUTYNIN  HCL ,
OXYCODONE HCL,
OXYCODONE +PARACETAMOL,
OXYGEN ,
OXYTETRACYCLINE ,
OXYTETRACYCLINE+BENZOCAINE,
OXYTETRACYCLINE+HYDROCORTISONE +POLYMEXIN B SULFATE ,
OXYTETRACYCLINE+PREDNISOLONE,
OXYTOCIN ,
PENICILLIN G (BENZYLPENICILLIN)                                                                                             ,
PENTOSALEN (AMMIDIN)                                                                                                            ,
PRECURSOR OF VIT.A (BETACAROTENE)                                                                                     ,
"QUATERNARY AMMONIUM ANTISEPTICS (BENZETHONIUM CHLORIDE, CETRIMIDE, BENZALKONIUM CHLORIDE, BENZOXONIUM CHLORIDE, ETC..) ",
QUETIAPINE FUMARATE,
OUINAGOLIDE,
RABEPRAZOLE ,
RABIES IMMUNOGLOBULIN ,
RABIES VACCINE ,
RACECADOTRIL,
RALOXIFENE  HCL ,
RAMELTEON,
RAMIPRIL,
RAMIPIRIL+HYDROCHLORTHIAZIDE,
RANIBIZUMAB,
RANITIDINE ,
RANITIDINE BISMUTH CITRATE ,
RANOLAZINE,
RASAGILIN,
REBAMIPIDE,
REBOXETINE ,
RECOMBINANT HUMAN EPIDERMAL GROWTH FACTOR,
REMIFENTANIL ,
RESORCINOL+BENZOCAIN,
RETAPAMULIN,
REPAGLINIDE,
REPAGLINIDE+METFORMIN,
RESERPINE ,
RESERPINE+CLOPAMIDE+DIHYDROERGOCRISTIN MESILATE,
RETEPLASE,
R . HU INTERLEUKIN – 2,
RHUBARB ,
RIFAMPICIN ,
RIFAMPICIN+ISONIAZID,
RIFAMPICIN+ISONIAZID+PYRAZINAMIDE,
RIFAMPICIN+ISONIAZID+PYRAZINAMIDE+ETHAMBUTOL HCL,
RIFAXIMIN,
RIFAMYCIN ,
RILUZOLE ,
RIMANTADINE  HCL,
RIMEXOLONE,
RINGER LACTAT SOLUTION,
RINGER SOLUTION ,
RIOCIGUAT                                  ,
RISEDRONATE,
RISPERIDONE ,
RITODRINE  HCL ,
RITUXIMAB,
RIVAROXABAN,
RIVASTIGMINE,
RIZATRIPTAN,
ROCURONIUM BROMIDE,
ROFECOXIB ,
ROFLUMILAST,
ROPINIROLE  HCL,
ROSIGLITAZONE,
ROSIGLITAZONE+METFORMIN,
ROSUVASTATIN,
ROXITHROMYCIN,
RUBELLA VACCINE ,
RUTOSIDE,
SACCAHAROMYCES BOULARIDI,
SALBUTAMOL (ALBUTEROL),
SALBUTAMOL SULFATE+GUAIFENESINE,
SALBUTAMOL+IPRATROPIUM BR,
SALICYLAMIDE ,
SALICYLIC ACID ,
SALICYLIC ACID +BENZOIC ACID,
SALICYLIC ACID +DITHRANOL,
SALICYLIC ACID+RHUBARB EXT ,
SALICYLIC ACID +LACTIC ACID,
SALICYLIC ACID +TRICHLOROACETIC ACID,
SALMETEROL XINAFOATE ,
SALMETEROL XINAFOATE +FLUTICASONE PROPIONATE,
SAXAGLIPTIN,
SECNIDAZOLE ,
SECRETIN ,
SELEGILINE  HCL ,
SELENIUM ,
SELENIUM SULFIDE ,
SENNA ,
SERRAPEPTASE ,
SERRAPEPTASE +NIMESULIDE,
SERTRALINE  HCL ,
SEVELAMER CARBONATE,
SEVOFLURANE ,
SIBUTRAMINE  HCL,
SIDEX ,
SILDENAFIL ,
SILICON ,
SILODOSIN,
SILVER NITRATE ,
SILVER NITRATE ,
SILVER SULFADIAZINE ,
SILVER SULFADIAZINE+HYALURONIC ACID ,
SILVER SULFADIAZINE +PANTHENOL,
SIMETHICONE  ,
SIMETHICONE  +DILL OIL+FENNEL OIL,
SIMETHICONE  +LOPERAMIDE HCL,
SIMETHICONE  +ETHAVEREN HCL+SANZYME,
SIMVASTATIN  ,
SIROLIMUS,
SITAGLIPTIN,
SITAGLIPTIN+METFORMIN,
SODIUM ALGINATE+NA BICARBONATE,
SODIUM ALGINATE+NA BICARBONATE+CA CARBONATE,
SODIUM BICARBONATE+CITRIC ACID,
SODIUM BICARBONATE+CITRIC ACID+NA CARBONATE,
SODIUM BICARBONATE+DILL OIL,
SODIUM BICARBONATE+TARTARIC ACID+CITRIC ACID,
SODIUM BICARBONATE+ TARTARIC ACID+MG SULFATE,
SODIUM BICARBONATE+TARTARIC ACID+CITRIC ACID+NA CITRATE,
SODIUM BORATE ,
SODIUM CALCIUM EDETATE ,
"SODIUM CHLORIDE (0.9 %,5 %) ",
SODIUM CHLORIDE+BENZALKONIUM CHLORIDE,
SODIUM CHLORIDE+CACL2+KCL+MGCL2,
SODIUM CHLORIDE+CACL2+KCL+MGCL2+ACETIC ACID+DEXTROSE,
SODIUM CHLORIDE+CACL2+KCL,
SODIUM CHLORIDE+CACL2+KCL+NA LACTATE,
SODIUM CHLORIDE+CACL2+KCL+MGCL2+NA ACETATE,
SODIUM CHLORIDE+CACL2+KCL+MGCL2+NA BI CARBONATE+ACETIC ACID,
SODIUM CHLORIDE+ KCL+DEXTROSE,
SODIUM CHLORIDE+DEXTRAN 40,
SODIUM CROMOGLYCATE ,
SODIUM DEHYDROCHOLATE ,
SODIUM DIATRIZOATE ,
SODIUM  DIBUNATE,
SODIUM DIETHYLSTILBESTROL DIPHOSPHATE (FOSFESTROL SODIUM) ,
SODIUM  DIVALPROATE,
SODIUM FLUORIDE ,
SODIUM FLUORIDE +CA CARBONATE,
SODIUM FUSIDATE  ,
SODIUM HYALURONATE ,
SODIUM HYALURONATE+DEXPANTHENOL,
SODIUM  IODIDE,
SODIUM IPODATE ,
SODIUM NITRITE ,
SODIUM NITROPRUSSIDE ,
SODIUM POLYSTERENE SULFONATE,
SODIUM PICOSULPHATE ,
SODIUM PICOSULPHATE+MG OXIDE+CITRIC  ACID,
SODIUM SALT SOLUTIONS ,
SODIUM STIBOGLUCONATE ,
SODIUM THIOSULFATE ,
SODIUM VALPROATE &VALPROIC ACID ,
SOFOSBUVIR,
SOFOSBUVIR + LEDIPASVIR,
SOLIFENACIN,
SOMATOSTATIN,
SOTALOL ,
SPARFLOXACIN ,
SPECTINOMYCIN ,
SPIRAMYCIN ,
SPIRAMYCIN+METRONIDAZOLE,
SPIRONOLACTONE ,
SPIRONOLACTONE+FUROSEMIDE,
STAVUDINE,
STREPTOKINASE (IN  I.C.U.ONLY) ,
STREPTOMYCIN ,
STRONATIUM RANELATE,
SUCCINYLATED GELATIN,
SUCRALFATE ,
SUCRALFATE+SIMETHICONE,
SUFENTANIL ,
SULFABENZAMIDE,
SULFACETAMIDE ,
SULFACETAMIDE+SULFATHIAZOLE+SULFA BENZAMIDE,
SULFACETAMEDE+PREDNISOLONE,
SULFACETAMEDE+PREDNISOLONE+PHENYLEPHRINE HCL,
SULFADOXINE,
SULFADOXINE+PYRIMETHAMINE,
SULFAMETHIZOLE,
SULFAMETHOXAZOLE + TRIMETHOPRIM ,
SULFAMETHOXYPYRAZINE,
SULFANILAMIDE ,
SULFANILAMIDE+ICHTHYOL,
SULFANILAMIDE+SALICYLIC ACID+PERU BALSAM,
SULFANILAMIDE+SALICYLIC ACID+ZINIC OXIDE+BI-SUBNITRATE,
SULFASALAZINE ,
SULFATHIAZOLE,
SUGAMMADEX,
SULINDAC ,
SULPIRIDE ,
SULTAMICILLIN,
SUMATRIPTAN,
SUNITINIB,
SUXAMETHONIUM ( SUCCINYL CHOLINE CHLORIDE),
TACROLIMUS,
TADALAFIL,
TAMOXIFEN CITRATE ,
TAMSULOSIN ,
TANNIC ACID,
TAPENTADOL,
TAZAROTENE,
TAZOBACTAM,
TAURINE,
TEGASEROD  MALEATE,
TEICOPLANIN ,
TELAPRAVIR,
TELBIVUDINE,
TELITHROMYCIN,
TELMISARTAN,
TELMISARTAN+HYDROCHLORTHIAZIDE,
TEMOZOLOMIDE ,
TENECTEPLASE,
TENOFOVIR,
TENOXICAM ,
TERCONAZOLE,
TERAZOSIN ,
TERBINAFINE ,
TERBUTALINE SULFATE  ,
TERBUTALINE SULFATE  +BROMHEXINE+GUAIFENESIN,
TERBUTALINE SULFATE  +BROMHEXINE+GUAIFENESIN+MENTHOL,
TERFENADINE (FEXOFENADINE),
TERLIPRESSIN ,
TERNIDAZOLE ,
TERPENLESS DILL OIL+NA BICARBONATE,
TESTOSTERONE ,
TESTOSTERON UNDECANOATE,
TETANUS ANTITOXIN (EQUINE) ,
TETANUS VACCINE ,
TETRACAINE HCL OR OXYBUPROCAINE  HCL OR(BENOXINATE,
TETRACOSACTIDE ,
TETRACYCLINE ,
TETRYZOLINE  HCL ,
TETRYZOLINE  HCL +CHLORPHENIRAMINE MALEATE,
TETRAZOLINE HCL+GLYCERIN HYPROMELLOSE+POLYETHYLENE GLYCOL,
THALIDOMIDE,
THEOPHYLLINE+EPHEDRINE HCL+PHENOBARBITALE,
THIABENDAZOLE ,
THIETHYLPERAZINE ,
THIOCOLLCHICOSIDE,
THIOCOLLCHICOSIDE+ESCIN,
THIOPENTAL ,
THIORIDAZINE ,
THYROTROPHIN- RELEASING HORMONE (TRH) ,
THYROXINE SODIUM ( LEVOTHYROXINE SODIUM ) ,
TIAGABINE,
TIANEPTINE,
TIAPROFENIC ACID ,
TIBOLONE ,
TICAGRELOR,
TICARCILLIN OR CARBENICILLIN ,
TICARCILLIN+CLAVULANIC ACID,
TICLOPIDINE  HCL ,
TIEMONIUM,
TIGECYCLIN,
TIMOLOL ,
TIN ,
TINIDAZOLE ,
TINZAPARIN SODIUM ,
TIOCONAZOLE,
TIOTROPIUM BROMIDE,
TIOTROPIUM +FORMETEROL,
TIROFIBAN,
TITANIUM DIOXIDE ,
TIZANIDINE  HCL,
TOBRAMYCIN ,
TOFACITINIB,
TOCILIZUMAB,
TOLAZOLINE  HCL ,
TOLMETIN SODIUM ,
TOLNAFTATE ,
TOLTERODINE TARTRATE ,
TOPICAL ANTISEPTICS  ,
TOPICAL NASAL DECONGESTANTS ,
TOPIRAMATE,
TOPOTECAN  HCL,
TORSEMID,
TORSEMID+SPIRONOLACTONE,
TRAMADOL ,
TRANDOLAPRIL,
TRANDOLAPRIL+VERPAMIL,
TRANEXAMIC ACID,
TRASTUZUMAB,
TRAVOPROST,
TRAVOPROST+TIMOLOL MALEATE,
TRAZODONE ,
"TRETINOIN (VITAMIN A ACID , RETINOIC ACID) ",
TRETINOIN+CLINDAMYCIN,
TRIAMCINOLONE ACETONIDE ,
TRIAMCINOLONE+LIDOCAIEN,
TRIAMCINOLONE+NEOMYCIN,
TRIAMCINOLONE+NYSTATIN,
TRIAMCINOLONE+ECONAZOL,
TRIAMTERENE ,
TRIAMTERENE+HYDROCHLOTHIAZIDE,
TRIBAVIRIN (RIBAVIRIN) ,
TRIBENOSIDE ,
TRIBENOSIDE+LIDOCAIN,
TRICHLOROACETIC ACID ,
TRIFLUOPERAZINE ,
TRIFLURIDINE ,
TRIMEBUTINE                                                                          ,
TRIMETAZIDINE HCL,
TRIOXSALEN ,
TRIPROLIDINE  HCL ,
TRIPTORELIN ,
TROLAMINE SALICYLATE,
TROPICAMIDE ,
TROSPIUM  HCL,
TROTHRICIN,
TROXERUTIN ,
TROXERUTIN +BUTOFORM,
TRYPSIN,
TRYPSIN+CHEMOTRYPSIN,
TUBERCULIN ,
TYPHOID VACCINE ,
ULOBETASOL  PROPIONATE(HALOBETASOL),
ULIPRISTAL ACETATE,
UNTEKINUMAB,
UNOPROSTONI  ISOPROPYL,
UROGASTRON,
USTEKINUMAB,
UORICONAZOLE,
UROKINASE,
URSODEOXYCHOLIC ACID,
VAVACCINIUM MYRTILLUS (ANTHOCYANOSIDE)                                                             ,
VALACYCLOVIR ,
VALDECOXIB,
VALPROEX SEMISODIUM,
VALSARTAN,
VALSARTAN + SACUBITRIL,
VALSARTAN+HYDROCHLORTHIAZIDE,
VANADIUM ,
VANCOMYCIN ,
VARDENAFIL HCL,
VARENICLINE TARTRATE,
VEGETABLE CHARCOAL ,
VEMURAFENIB,
VENLAFAXINE ,
VERAPAMIL ,
VERAPAMIL+TRANDOLAPRIL ,
VERTEPORFIN,
VIGABATRIN ,
VIDAGLIPTIN+METFORMIN,
VILDAGLIPTIN,
VINBLASTINE ,
VINCAMIN,
VINCRISTINE ,
VINORELBINE ,
VINPOCETINE ,
VIOFORM (CLIOQUINOL) ,
VIT.A ,
VIT.A PALMITATE ,
VIT.D2    TAB. ,
VIT.K (PHYTOMENADIONE &MENADIONE) ,
VITAMIN A +POLYACRYLIC ACID,
VITAMIN B1      (THIAMINE HCL) ,
VITAMIN B1+DRY EXT OF HYPOCASTANI      ,
VITAMIN B1 + B2 + B6 + B12+PP+CA-PANT.+C+A+FOLIC ACID+D3     ,
VITAMIN B1 +B2+B6+B12+PP+CA-PANT.+C+MG+MN+FE+FOLIC ACID+D3+CU+CA     ,
VITAMIN B1 +B2+B6+B12+PP+CA-PANT.+C+MG+FE+FOLIC ACID+A+D3+E+CO     ,
VITAMIN B1 +B2+B6+B12+PP+ D3+C+A+E+F     ,
VITAMIN B1 +B2+B6+B12+PP+ D3+C+A+E+FE     ,
VITAMIN B1 +B2+B6+NA CITRATE+K CITRATE+CITRIC ACID     ,
VITAMIN B1 + B6+B12+PP+ FE+MN+CU+FOLIC ACID     ,
VITAMIN B1 +FERRIC AMMONIUM CITRATE+COLA EXT+RHUBARB EXT,
VITAMIN B1 +B12 ,
VITAMIN B1 +B2+B12 +PP+ CA-FOLINATE     ,
VITAMIN B1 +B2+B3+B6+B12+PANTOTHENIC ACID+BIOTIN+FOLIC ACID     ,
VITAMIN B1 +B2+B5+B6+B12+PP+ K+FOLIC ACID+GINSENG     ,
VITAMIN B1 +B2+B6+B12 ,
VITAMIN B1 +B2+B6+B12+A+ D3+C+FOLIC ACID+E+NIACIN+ZN+ PANTHOTHO    ,
VITAMIN B1 +B2+B6+B12+ C+ E+ FOLIC ACID+BIOTIN+CR+ZN+BETACAROTEN   ,
VITAMIN B1 +B2+B6+B12+CA-PANTHOTENATE+MG+FE,
VITAMIN B1 +B2+B6+B12+NIACIN+PANT. ACID+BIOTIN+C+CA+MG     ,
VITAMIN B1 +B2+B6+B12+PANT.ACID+C+A+E+D3+FE     ,
VITAMIN B1 +B2+B6+B12+PANT.ACID+C+A+E+D3+FE+CU+MN+MG     ,
VITAMIN B1 +B2+B6+B12+PANT.ACID+C+A+E+D3+FE+MN+BIOTEN     ,
VITAMIN B1 +B2+B6+B12+PP+A+C+D     ,
VITAMIN B1 +B2+B6+B12+PP+A+C+D+E     ,
VITAMIN B1 +B2+B6+B12+PP+A+ D3+E+C+CA+MG+FE+K+CU+MN+ZN+P+GEN     ,
VITAMIN B1 +B2+B6+B12+PP+A+C+D3+E+FOLIC ACID+CA+MG+FE+IODIN     ,
VITAMIN B1 +B2+B6+B12+PP+ C+CA-PANTHOTENATE    ,
VITAMIN B1 +B2+B6+B12+PP+CA+C+E+MG+FOLIC ACID+BIOTEN  ,
VITAMIN B1 +B2+B6+B12+PP+CA-PANTHO.+A+E+C+D+MG+FE+CU+FOLIC ACID     ,
VITAMIN B1 +B2+B6+B12+PP+CA-PANTHO     ,
VITAMIN B1 +B2+B6+B12+PP+CA-PANTHO.+BIOTEN,
VITAMIN B1 +B2+B6+B12+PP+CA-PANTHO.+C+FE     ,
VITAMIN B1 +B2+B6+B12+PP+CA-PANTHO.+C+FE+MG     ,
VITAMIN B1 +B2+B6+B12+PP+CA-PANTHO.+C+FE +MG+CA    ,
VITAMIN B1 +B2+B6+B12+PP+CA-PANTHO +FE     ,
VITAMIN B1 +B2+B6+B12+PP+CA-PANTHO.+C+E+FOLIC ACID+BIOTEN   ,
VITAMIN B1 +B2+B6+B12+PP+CA-PANTHO.+C+FOLIC ACID    ,
VITAMIN B1 +B2+B6+B12+PP+CA-PANTHO.+C+FOLIC ACID+BIOTEN   ,
VITAMIN B1 +B2+B6+B12+PP+CA-PANTHO.+D3     ,
VITAMIN B1 +B2+B6+B12+PP+CA-PANTHO.+FOLIC ACID     ,
VITAMIN B1 +B2+B6+B12+PP+D3+A+K+E+C+FOLIC ACID+CA+ZN+MG+MN+CU     ,
VITAMIN B1 +B2+B6+B12+PP+D3+E+C+FOLIC ACID+CA+ZN+MG+FE+MN CU,
VITAMIN B1 +B2+B6+B12+PP+ PANTHOT.ACID+C+CA+FOLIC ACID+MG+ZN     ,
VITAMIN B1 +B2+B6+C+A+D3     ,
VITAMIN B1 +B2+B6+C+A+D3  +FE   ,
VITAMIN B1 +B2+B6+PP     ,
VITAMIN B1 +B2+B6+PP+C+A+D3 +CA-PANTO.    ,
VITAMIN B1 +B2+B6+C+A+D3+PP     ,
VITAMIN B1 +B2+B6+C+A+D3  +PP+E+DEXPANTHENOL+CA-SALTS   ,
VITAMIN B1 +B2+B6 +PP+B12+A+D2+E+C+CA-PANTH+ZN+MG+FE+MN+CU+BIOTEN   ,
VITAMIN B1 +B2+B6 +PP+B12+A+D2+E+C+FOLIC ACID+NA,
VITAMIN B1 +B2+B6 +PP+B12+A+D2+E+C+PANTHENOL,
VITAMIN B1 +B2+B6 +PP+B12+A+D3+E+C+CA-PAN.+ZN+MG+FE+MN+CU+BIOTEN,
VITAMIN B1 +B2+B6 +PP+B12+A+D3+E+C+CA-PAN.+ZN+MG +MN+CU+BIOTEN,
VITAMIN B1 +B2+B6 +PP+B12+A+D3+E+C+DE PANTHENOL,
VITAMIN B1 +B2+B6 +PP+B12+A+D3+E+C+DE PANTHENOL+BIOTEN,
VITAMIN B1 +B2+B6 +PP+B12+A+D3+E+C+DE PANTHENOL+ZN+MG+FE+MN,
VITAMIN B1 +B2+B6 +PP+B12+A+D3+E+C+FE,
VITAMIN B1 +B2+B6 +PP+B12+C+FE+DE PANTENOL,
VITAMIN B1 +B2+B6 +PP+B12+D3+E+C+FOLIC ACID+CA+ZN+MG+FE+MN+CU,
VITAMIN B1 +B2+B6 +PP+B12+DEXPANTENOL+BIOTIN,
VITAMIN B1 +B2+B6 +PP+B12+FE+DE PANTENOL+COLINCITRATE,
VITAMIN B1 +B2+B6 +PP+C,
VITAMIN B1 +B2+B6 +PP+C+CA-GLUCONATE+ZN+BIOTIN+PANTHO.,
VITAMIN B1 +B2+B6 +PP+C+FE+FOLIC ACID,
VITAMIN B1 +B2+B6 +PP+C+FE+FOLIC ACID+ZN,
VITAMIN B1 +B2+B6 +PP+C+ZN+FE,
VITAMIN B1 +B2+B6 +PP+CA-PANTHO.+C+MG+FE,
VITAMIN B1 +B2+B6 +PP+CA-PANTHO.+C+MG+FE+ZN,
VITAMIN B1 +B2+B6 +PP+CA-PANTHO,
VITAMIN B1 +B2+B6 +PP+CA-PANTHO.+C,
VITAMIN B1 +B2+B6 +PP+CA-PANTHO.+C+A+D3,
VITAMIN B1 +B2+B6 +PP+CA-PANTHO.+C+A+D3+E,
VITAMIN B1 +B2+B6 +PP+CA-PANTHO.+C+ FE,
VITAMIN B1 +B2+B6 +PP+CA-PANTHO.+C+ FE+FOLIC ACID+BIOTIN,
VITAMIN B1 +B2+B6 +PP+CA-PANTHO.+C+FE+FOLIC ACID+ZN,
VITAMIN B1 +B2+B6 +PP+D3+E+C+CA+ZN+MG+FE+CU+A+CA,
VITAMIN B1 +B2+B6 +PP+D3+E+DEXPANTHENOL+CA-SALTS+LYSIN+PHOS,
VITAMIN B1 +B2+B6 +PP+DEXPANTHENOL ,
VITAMIN B1 +B2+B6 +PP+DEXPANTHENOL+A+D2+C+E+FE ,
VITAMIN B1 +B2+B6 +PP+DEXPANTHENOL+BIOTIN ,
VITAMIN B1 +B2+B6 +PP+DEXPANTHENOL+BIOTIN+C+E ,
"VITAMIN B12   (CYANOCOBALAMINE, HYDROXOCOBALAMIN) ",
VITAMIN B2     (RIBOFLAVINE) ,
VITAMIN B6     (PYRIDOXINE) ,
VITAMIN C       (ASCORBIC ACID) ,
VITAMIN C+ BETACAROTEN+VIT E,
VITAMIN C +BETACAROTIEN+VIT E +CU+ZN+SELENIUM    ,
VITAMIN C +CA     ,
VITAMIN C +CA SALT     ,
VITAMIN C +CA SALT+MG CARBONATE     ,
VITAMIN C +CA SALT+  VIT D3   ,
VITAMIN C +CA GLYCEROPHOSPHATE     ,
VITAMIN C +CITRIC ACID+NA BICARBONATE     ,
VITAMIN C +IRON  SALTS     ,
VITAMIN C +VIT D+B6+CA CARBONATE     ,
VITAMIN C +ZN SULFATE     ,
VIT C+DICHLOROBENZYL ALCOOL+AMYLMETACRESOL+MENTHOL,
VITAMIN D2     (ERGOCALCIFEROL) ,
VITAMIN D3     (CHOLECALCIFEROL) ,
VITAMIN E  (ALPHATOCOPHEROLS) ,
VITAMIN PP     (NICOTINAMIDE) ,
VITAMINS & VIT.D ,
VORICONAZOLE,
WARFARIN ,
YELLOW FEVER VACCINE ,
YOHIMBINE HCL ,
YOHIMBINE HCL +VIT E ,
YOHIMBINE HCL +VIT E +MESTEROLONE+MG NICOTINATE,
ZAFIR LUKAST,
ZALCITABINE ,
ZANAMIVIR,
ZEAXANTHIN,
ZIDOVUDINE ,
ZINC ,
ZINC ACETATE +DIPHENHYDRAMIN,
ZINC OXIDE+BENZYL ALCOHOL,
ZINC OXIDE+DIPHENHYDRAMINE,
ZINC OXIDE+CALAMINE+PYRILAMIN MALEATE,
ZINC OXIDE+COD LIVER OIL,
ZINC OXIDE+BI-SUBGALLATE+BORAX+BORIC ACID+RESORCINE+ICHTHAMIN,
ZINC OXIDE+KAOLINE+EUCALYPTUS OIL+CAMPHOR,
ZINC OXIDE+ DIPHENHYDRAMINE+PROCAIEN,
ZINC OXIDE+ DIPHENHYDRAMINE+CAMPHOR,
ZINC OXIDE+ LIDOCAIEN,
ZINC OXIDE+ TITANIUM OXIDE,
ZINC OXIDE+ TITANIUM OXIDE+VIT A+ALLANTOIN,
ZINC SULFATE ,
ZOFENIL,
ZOFENOPRIL,
ZOFENOPRIL+HYDROCHLOTHIAZIDE,
ZOLEDRONIC  ACID,
ZOLMITRIPTAN ,
ZOLPIDEM,
ZUCLOPENTHIXOL ,
